Workbook

Sheet Inscripciones
A2: EXAMENES FINALES
A4: Codigo de materia | B4: Materia | C4: Departamento | D4: Fecha de examen | E4: Cantidad de inscriptos | F4: Condicion | G4: Aula designada | H4: Publicacion de las notas | I4: Importe de inscripciones
A5: 1120 | B5: =VLOOKUP(A5,Materias!$B$3:$D$15,2,0) -> Analisis Matematico | C5: =VLOOKUP(VLOOKUP(A5,Materias!$B$3:$D$15,3,0),Departamentos!$B$3:$D$7,2,0) -> Ingenieria | D5: 42566 | E5: 232 | F5: =IF(E5<150,"BAJA",IF(E5<200,"NORMAL","ALTA")) -> ALTA | G5: =AND(E5<180,D5>DATE(2016,7,15)) -> FALSE | H5: =D5+ROUNDUP(E5/10,0) -> 42590 | I5: =VLOOKUP(VLOOKUP(A5,Materias!$B$3:$D$15,3,FALSE),Departamentos!$B$3:$D$7,3,FALSE) -> 180
A6: 1200 | B6: =VLOOKUP(A6,Materias!$B$3:$D$15,2,0) -> Estadistica | C6: =VLOOKUP(VLOOKUP(A6,Materias!$B$3:$D$15,3,0),Departamentos!$B$3:$D$7,2,0) -> Economicas | D6: 42571 | E6: 158 | F6: =IF(E6<150,"BAJA",IF(E6<200,"NORMAL","ALTA")) -> NORMAL | G6: =AND(E6<180,D6>DATE(2016,7,15)) -> TRUE | H6: =D6+ROUNDUP(E6/10,0) -> 42587 | I6: =VLOOKUP(VLOOKUP(A6,Materias!$B$3:$D$15,3,FALSE),Departamentos!$B$3:$D$7,3,FALSE) -> 250
A7: 1150 | B7: =VLOOKUP(A7,Materias!$B$3:$D$15,2,0) -> Computacion I | C7: =VLOOKUP(VLOOKUP(A7,Materias!$B$3:$D$15,3,0),Departamentos!$B$3:$D$7,2,0) -> Economicas | D7: 42562 | E7: 175 | F7: =IF(E7<150,"BAJA",IF(E7<200,"NORMAL","ALTA")) -> NORMAL | G7: =AND(E7<180,D7>DATE(2016,7,15)) -> FALSE | H7: =D7+ROUNDUP(E7/10,0) -> 42580 | I7: =VLOOKUP(VLOOKUP(A7,Materias!$B$3:$D$15,3,FALSE),Departamentos!$B$3:$D$7,3,FALSE) -> 250
A8: 1250 | B8: =VLOOKUP(A8,Materias!$B$3:$D$15,2,0) -> Computacion II | C8: =VLOOKUP(VLOOKUP(A8,Materias!$B$3:$D$15,3,0),Departamentos!$B$3:$D$7,2,0) -> Economicas | D8: 42558 | E8: 196 | F8: =IF(E8<150,"BAJA",IF(E8<200,"NORMAL","ALTA")) -> NORMAL | G8: =AND(E8<180,D8>DATE(2016,7,15)) -> FALSE | H8: =D8+ROUNDUP(E8/10,0) -> 42578 | I8: =VLOOKUP(VLOOKUP(A8,Materias!$B$3:$D$15,3,FALSE),Departamentos!$B$3:$D$7,3,FALSE) -> 250
A9: 1010 | B9: =VLOOKUP(A9,Materias!$B$3:$D$15,2,0) -> Derecho Publico | C9: =VLOOKUP(VLOOKUP(A9,Materias!$B$3:$D$15,3,0),Departamentos!$B$3:$D$7,2,0) -> Derecho | D9: 42569 | E9: 202 | F9: =IF(E9<150,"BAJA",IF(E9<200,"NORMAL","ALTA")) -> ALTA | G9: =AND(E9<180,D9>DATE(2016,7,15)) -> FALSE | H9: =D9+ROUNDUP(E9/10,0) -> 42590 | I9: =VLOOKUP(VLOOKUP(A9,Materias!$B$3:$D$15,3,FALSE),Departamentos!$B$3:$D$7,3,FALSE) -> 220
A10: 1080 | B10: =VLOOKUP(A10,Materias!$B$3:$D$15,2,0) -> Sistemas Operativos | C10: =VLOOKUP(VLOOKUP(A10,Materias!$B$3:$D$15,3,0),Departamentos!$B$3:$D$7,2,0) -> Ingenieria | D10: 42574 | E10: 141 | F10: =IF(E10<150,"BAJA",IF(E10<200,"NORMAL","ALTA")) -> BAJA | G10: =AND(E10<180,D10>DATE(2016,7,15)) -> TRUE | H10: =D10+ROUNDUP(E10/10,0) -> 42589 | I10: =VLOOKUP(VLOOKUP(A10,Materias!$B$3:$D$15,3,FALSE),Departamentos!$B$3:$D$7,3,FALSE) -> 180
A11: 1300 | B11: =VLOOKUP(A11,Materias!$B$3:$D$15,2,0) -> Ingles I | C11: =VLOOKUP(VLOOKUP(A11,Materias!$B$3:$D$15,3,0),Departamentos!$B$3:$D$7,2,0) -> Economicas | D11: 42578 | E11: 215 | F11: =IF(E11<150,"BAJA",IF(E11<200,"NORMAL","ALTA")) -> ALTA | G11: =AND(E11<180,D11>DATE(2016,7,15)) -> FALSE | H11: =D11+ROUNDUP(E11/10,0) -> 42600 | I11: =VLOOKUP(VLOOKUP(A11,Materias!$B$3:$D$15,3,FALSE),Departamentos!$B$3:$D$7,3,FALSE) -> 250
A12: 1420 | B12: =VLOOKUP(A12,Materias!$B$3:$D$15,2,0) -> #N/A | C12: =VLOOKUP(VLOOKUP(A12,Materias!$B$3:$D$15,3,0),Departamentos!$B$3:$D$7,2,0) -> #N/A | D12: 42564 | E12: 136 | F12: =IF(E12<150,"BAJA",IF(E12<200,"NORMAL","ALTA")) -> BAJA | G12: =AND(E12<180,D12>DATE(2016,7,15)) -> FALSE | H12: =D12+ROUNDUP(E12/10,0) -> 42578 | I12: =VLOOKUP(VLOOKUP(A12,Materias!$B$3:$D$15,3,FALSE),Departamentos!$B$3:$D$7,3,FALSE) -> #N/A
A13: 1280 | B13: =VLOOKUP(A13,Materias!$B$3:$D$15,2,0) -> Derecho Penal | C13: =VLOOKUP(VLOOKUP(A13,Materias!$B$3:$D$15,3,0),Departamentos!$B$3:$D$7,2,0) -> Derecho | D13: 42572 | E13: 168 | F13: =IF(E13<150,"BAJA",IF(E13<200,"NORMAL","ALTA")) -> NORMAL | G13: =AND(E13<180,D13>DATE(2016,7,15)) -> TRUE | H13: =D13+ROUNDUP(E13/10,0) -> 42589 | I13: =VLOOKUP(VLOOKUP(A13,Materias!$B$3:$D$15,3,FALSE),Departamentos!$B$3:$D$7,3,FALSE) -> 220
A14: 1825 | B14: =VLOOKUP(A14,Materias!$B$3:$D$15,2,0) -> Anatomia I | C14: =VLOOKUP(VLOOKUP(A14,Materias!$B$3:$D$15,3,0),Departamentos!$B$3:$D$7,2,0) -> Medicina | D14: 42573 | E14: 169 | F14: =IF(E14<150,"BAJA",IF(E14<200,"NORMAL","ALTA")) -> NORMAL | G14: =AND(E14<180,D14>DATE(2016,7,15)) -> TRUE | H14: =D14+ROUNDUP(E14/10,0) -> 42590 | I14: =VLOOKUP(VLOOKUP(A14,Materias!$B$3:$D$15,3,FALSE),Departamentos!$B$3:$D$7,3,FALSE) -> 300
A15: 1850 | B15: =VLOOKUP(A15,Materias!$B$3:$D$15,2,0) -> Biologia I | C15: =VLOOKUP(VLOOKUP(A15,Materias!$B$3:$D$15,3,0),Departamentos!$B$3:$D$7,2,0) -> Medicina | D15: 42574 | E15: 170 | F15: =IF(E15<150,"BAJA",IF(E15<200,"NORMAL","ALTA")) -> NORMAL | G15: =AND(E15<180,D15>DATE(2016,7,15)) -> TRUE | H15: =D15+ROUNDUP(E15/10,0) -> 42591 | I15: =VLOOKUP(VLOOKUP(A15,Materias!$B$3:$D$15,3,FALSE),Departamentos!$B$3:$D$7,3,FALSE) -> 300
A16: 1860 | B16: =VLOOKUP(A16,Materias!$B$3:$D$15,2,0) -> Enfermeria | C16: =VLOOKUP(VLOOKUP(A16,Materias!$B$3:$D$15,3,0),Departamentos!$B$3:$D$7,2,0) -> Medicina | D16: 42575 | E16: 171 | F16: =IF(E16<150,"BAJA",IF(E16<200,"NORMAL","ALTA")) -> NORMAL | G16: =AND(E16<180,D16>DATE(2016,7,15)) -> TRUE | H16: =D16+ROUNDUP(E16/10,0) -> 42593 | I16: =VLOOKUP(VLOOKUP(A16,Materias!$B$3:$D$15,3,FALSE),Departamentos!$B$3:$D$7,3,FALSE) -> 300

Sheet Materias
B3: Codigo de materia | C3: Materia | D3: Codigo de departamento
B4: 1010 | C4: Derecho Publico | D4: A
B5: 1280 | C5: Derecho Penal | D5: A
C6: Derecho Civil | D6: A
B7: 1080 | C7: Sistemas Operativos | D7: B
B8: 1120 | C8: Analisis Matematico | D8: B
B9: 1150 | C9: Computacion I | D9: c
B10: 1200 | C10: Estadistica | D10: c
B11: 1250 | C11: Computacion II | D11: c
B12: 1300 | C12: Ingles I | D12: C
B13: 1825 | C13: Anatomia I | D13: D
B14: 1850 | C14: Biologia I | D14: D
B15: 1860 | C15: Enfermeria | D15: D

Sheet Departamentos
B3: Codigo de Departamento | C3: Departamento | D3: Arancel
B4: A | C4: Derecho | D4: 220
B5: B | C5: Ingenieria | D5: 180
B6: c | C6: Economicas | D6: 250
B7: D | C7: Medicina | D7: 300
