Workbook

Sheet Inscripciones
A2: EXAMENES FINALES
A4: Codigo de materia | B4: Materia | C4: Departamento | D4: Fecha de examen | E4: Cantidad de inscriptos | F4: Condicion | G4: Aula designada | H4: Publicacion de notas | I4: Importe de inscripciones
A5: 1010 | B5: =VLOOKUP(A5,Materias!$A$4:$C$16,2,0) -> Derecho Publico | C5: =VLOOKUP(VLOOKUP(A5,Materias!$A$4:$C$16,3,0),Departamentos!$A$4:$C$16,2,0) -> Derecho | D5: 42569 | E5: 202 | F5: =IF(E5<150,"BAJA",IF(E5<200,"NORMAL","ALTA")) -> ALTA | G5: =AND(E5<180,D5>DATE(2016,7,15)) -> FALSE | H5: =D5+ROUNDUP(E5/10,0) -> 42590 | I5: =VLOOKUP(C5,Departamentos!$B$3:$C$7,2,0)*E5 -> 44440
A6: 1280 | B6: =VLOOKUP(A6,Materias!$A$4:$C$16,2,0) -> Derecho penal | C6: =VLOOKUP(VLOOKUP(A6,Materias!$A$4:$C$16,3,0),Departamentos!$A$4:$C$16,2,0) -> Derecho | D6: 42572 | E6: 168 | F6: =IF(E6<150,"BAJA",IF(E6<200,"NORMAL","ALTA")) -> NORMAL | G6: =AND(E6<180,D6>DATE(2016,7,15)) -> TRUE | H6: =D6+ROUNDUP(E6/10,0) -> 42589 | I6: =VLOOKUP(C6,Departamentos!$B$3:$C$7,2,0)*E6 -> 36960
A7: 1420 | B7: =VLOOKUP(A7,Materias!$A$4:$C$16,2,0) -> Derecho civil | C7: =VLOOKUP(VLOOKUP(A7,Materias!$A$4:$C$16,3,0),Departamentos!$A$4:$C$16,2,0) -> Derecho | D7: 42564 | E7: 136 | F7: =IF(E7<150,"BAJA",IF(E7<200,"NORMAL","ALTA")) -> BAJA | G7: =AND(E7<180,D7>DATE(2016,7,15)) -> FALSE | H7: =D7+ROUNDUP(E7/10,0) -> 42578 | I7: =VLOOKUP(C7,Departamentos!$B$3:$C$7,2,0)*E7 -> 29920
A8: 1300 | B8: =VLOOKUP(A8,Materias!$A$4:$C$16,2,0) -> Ingles I | C8: =VLOOKUP(VLOOKUP(A8,Materias!$A$4:$C$16,3,0),Departamentos!$A$4:$C$16,2,0) -> Economicas | D8: 42578 | E8: 215 | F8: =IF(E8<150,"BAJA",IF(E8<200,"NORMAL","ALTA")) -> ALTA | G8: =AND(E8<180,D8>DATE(2016,7,15)) -> FALSE | H8: =D8+ROUNDUP(E8/10,0) -> 42600 | I8: =VLOOKUP(C8,Departamentos!$B$3:$C$7,2,0)*E8 -> 53750
A9: 1250 | B9: =VLOOKUP(A9,Materias!$A$4:$C$16,2,0) -> Computacion II | C9: =VLOOKUP(VLOOKUP(A9,Materias!$A$4:$C$16,3,0),Departamentos!$A$4:$C$16,2,0) -> Economicas | D9: 42558 | E9: 196 | F9: =IF(E9<150,"BAJA",IF(E9<200,"NORMAL","ALTA")) -> NORMAL | G9: =AND(E9<180,D9>DATE(2016,7,15)) -> FALSE | H9: =D9+ROUNDUP(E9/10,0) -> 42578 | I9: =VLOOKUP(C9,Departamentos!$B$3:$C$7,2,0)*E9 -> 49000
A10: 1150 | B10: =VLOOKUP(A10,Materias!$A$4:$C$16,2,0) -> Computacion I | C10: =VLOOKUP(VLOOKUP(A10,Materias!$A$4:$C$16,3,0),Departamentos!$A$4:$C$16,2,0) -> Economicas | D10: 42562 | E10: 175 | F10: =IF(E10<150,"BAJA",IF(E10<200,"NORMAL","ALTA")) -> NORMAL | G10: =AND(E10<180,D10>DATE(2016,7,15)) -> FALSE | H10: =D10+ROUNDUP(E10/10,0) -> 42580 | I10: =VLOOKUP(C10,Departamentos!$B$3:$C$7,2,0)*E10 -> 43750
A11: 1200 | B11: =VLOOKUP(A11,Materias!$A$4:$C$16,2,0) -> Estadistica | C11: =VLOOKUP(VLOOKUP(A11,Materias!$A$4:$C$16,3,0),Departamentos!$A$4:$C$16,2,0) -> Economicas | D11: 42571 | E11: 158 | F11: =IF(E11<150,"BAJA",IF(E11<200,"NORMAL","ALTA")) -> NORMAL | G11: =AND(E11<180,D11>DATE(2016,7,15)) -> TRUE | H11: =D11+ROUNDUP(E11/10,0) -> 42587 | I11: =VLOOKUP(C11,Departamentos!$B$3:$C$7,2,0)*E11 -> 39500
A12: 1120 | B12: =VLOOKUP(A12,Materias!$A$4:$C$16,2,0) -> Analisis matematico | C12: =VLOOKUP(VLOOKUP(A12,Materias!$A$4:$C$16,3,0),Departamentos!$A$4:$C$16,2,0) -> Ingenieria | D12: 42566 | E12: 232 | F12: =IF(E12<150,"BAJA",IF(E12<200,"NORMAL","ALTA")) -> ALTA | G12: =AND(E12<180,D12>DATE(2016,7,15)) -> FALSE | H12: =D12+ROUNDUP(E12/10,0) -> 42590 | I12: =VLOOKUP(C12,Departamentos!$B$3:$C$7,2,0)*E12 -> 41760
A13: 1080 | B13: =VLOOKUP(A13,Materias!$A$4:$C$16,2,0) -> Sistemas operativos I | C13: =VLOOKUP(VLOOKUP(A13,Materias!$A$4:$C$16,3,0),Departamentos!$A$4:$C$16,2,0) -> Ingenieria | D13: 42574 | E13: 141 | F13: =IF(E13<150,"BAJA",IF(E13<200,"NORMAL","ALTA")) -> BAJA | G13: =AND(E13<180,D13>DATE(2016,7,15)) -> TRUE | H13: =D13+ROUNDUP(E13/10,0) -> 42589 | I13: =VLOOKUP(C13,Departamentos!$B$3:$C$7,2,0)*E13 -> 25380
A14: 1860 | B14: =VLOOKUP(A14,Materias!$A$4:$C$16,2,0) -> Enfermeria | C14: =VLOOKUP(VLOOKUP(A14,Materias!$A$4:$C$16,3,0),Departamentos!$A$4:$C$16,2,0) -> Medicina | D14: 42575 | E14: 171 | F14: =IF(E14<150,"BAJA",IF(E14<200,"NORMAL","ALTA")) -> NORMAL | G14: =AND(E14<180,D14>DATE(2016,7,15)) -> TRUE | H14: =D14+ROUNDUP(E14/10,0) -> 42593 | I14: =VLOOKUP(C14,Departamentos!$B$3:$C$7,2,0)*E14 -> 51300
A15: 1850 | B15: =VLOOKUP(A15,Materias!$A$4:$C$16,2,0) -> Biologia I | C15: =VLOOKUP(VLOOKUP(A15,Materias!$A$4:$C$16,3,0),Departamentos!$A$4:$C$16,2,0) -> Medicina | D15: 45130 | E15: 170 | F15: =IF(E15<150,"BAJA",IF(E15<200,"NORMAL","ALTA")) -> NORMAL | G15: =AND(E15<180,D15>DATE(2016,7,15)) -> TRUE | H15: =D15+ROUNDUP(E15/10,0) -> 45147 | I15: =VLOOKUP(C15,Departamentos!$B$3:$C$7,2,0)*E15 -> 51000
A16: 1825 | B16: =VLOOKUP(A16,Materias!$A$4:$C$16,2,0) -> Anatomia I | C16: =VLOOKUP(VLOOKUP(A16,Materias!$A$4:$C$16,3,0),Departamentos!$A$4:$C$16,2,0) -> Medicina | D16: 42573 | E16: 169 | F16: =IF(E16<150,"BAJA",IF(E16<200,"NORMAL","ALTA")) -> NORMAL | G16: =AND(E16<180,D16>DATE(2016,7,15)) -> TRUE | H16: =D16+ROUNDUP(E16/10,0) -> 42590 | I16: =VLOOKUP(C16,Departamentos!$B$3:$C$7,2,0)*E16 -> 50700

Sheet Materias
A3: Codigo de materia | B3: Materia | C3: Codigo de departamento
A4: 1010 | B4: Derecho Publico | C4: A
A5: 1280 | B5: Derecho penal | C5: A
A6: 1420 | B6: Derecho civil | C6: A
A7: 1080 | B7: Sistemas operativos I | C7: B
A8: 1120 | B8: Analisis matematico | C8: B
A9: 1150 | B9: Computacion I | C9: C
A10: 1200 | B10: Estadistica | C10: C
A11: 1250 | B11: Computacion II | C11: C
A12: 1300 | B12: Ingles I | C12: C
A13: 1825 | B13: Anatomia I | C13: D
A14: 1850 | B14: Biologia I | C14: D
A15: 1860 | B15: Enfermeria | C15: D

Sheet Departamentos
A3: Codigo de departamento | B3: Departamento | C3: Arancel
A4: A | B4: Derecho | C4: 220
A5: B | B5: Ingenieria | C5: 180
A6: C | B6: Economicas | C6: 250
A7: D | B7: Medicina | C7: 300
