Workbook

Sheet Inscripciones
D2: Examenes finales
A4: Codigo de materia | B4: Materia | C4: Departamento | D4: Fecha de Examen | E4: Cantidad de inscriptos | F4: Condicion | G4: Aula designada | H4: Publicacion de las notas | I4: Importe de inscripciones
A5: 1120 | B5: =VLOOKUP(A5,Materias!B3:D15,2,FALSE) -> Analisis Matematico | C5: =VLOOKUP(VLOOKUP(A5,Materias!B3:D15,3,FALSE),'Departamentos '!B3:D7,2, FALSE) -> Ingenieria | D5: 42566 | E5: 232 | F5: =IF(E5<150,"BAJA",IF(E5<200,"NORMAL","ALTA")) -> ALTA | G5: =IF(AND(E5<180,D5>DATE(2016,7,15)),"805","812") -> 812 | H5: =D5+ROUNDUP(E5/10,0) -> 42590 | I5: =E5*VLOOKUP(VLOOKUP(A5,Materias!B3:D15,3,FALSE),'Departamentos '!B3:D7,3,FALSE) -> 41760
A6: 1200 | B6: =VLOOKUP(A6,Materias!B4:D16,2,FALSE) -> Estadistica | C6: =VLOOKUP(VLOOKUP(A6,Materias!B4:D16,3,FALSE),'Departamentos '!B4:D8,2, FALSE) -> Economicas | D6: 42571 | E6: 158 | F6: =IF(E6<150,"BAJA",IF(E6<200,"NORMAL","ALTA")) -> NORMAL | G6: =IF(AND(E6<180,D6>DATE(2016,7,15)),"805","812") -> 805 | H6: =D6+ROUNDUP(E6/10,0) -> 42587 | I6: =E6*VLOOKUP(VLOOKUP(A6,Materias!B4:D16,3,FALSE),'Departamentos '!B4:D8,3,FALSE) -> 39500
A7: 1150 | B7: =VLOOKUP(A7,Materias!B5:D17,2,FALSE) -> Computacion I | C7: =VLOOKUP(VLOOKUP(A7,Materias!B5:D17,3,FALSE),'Departamentos '!B5:D9,2, FALSE) -> Economicas | D7: 42562 | E7: 175 | F7: =IF(E7<150,"BAJA",IF(E7<200,"NORMAL","ALTA")) -> NORMAL | G7: =IF(AND(E7<180,D7>DATE(2016,7,15)),"805","812") -> 812 | H7: =D7+ROUNDUP(E7/10,0) -> 42580 | I7: =E7*VLOOKUP(VLOOKUP(A7,Materias!B5:D17,3,FALSE),'Departamentos '!B5:D9,3,FALSE) -> 43750
A8: 1250 | B8: =VLOOKUP(A8,Materias!B6:D18,2,FALSE) -> Computacion II | C8: =VLOOKUP(VLOOKUP(A8,Materias!B6:D18,3,FALSE),'Departamentos '!B6:D10,2, FALSE) -> Economicas | D8: 42558 | E8: 196 | F8: =IF(E8<150,"BAJA",IF(E8<200,"NORMAL","ALTA")) -> NORMAL | G8: =IF(AND(E8<180,D8>DATE(2016,7,15)),"805","812") -> 812 | H8: =D8+ROUNDUP(E8/10,0) -> 42578 | I8: =E8*VLOOKUP(VLOOKUP(A8,Materias!B6:D18,3,FALSE),'Departamentos '!B6:D10,3,FALSE) -> 49000
A9: 1010 | B9: =VLOOKUP(A9,Materias!B3:D15,2,FALSE) -> Derecho publico | C9: =VLOOKUP(VLOOKUP(A9,Materias!B3:D15,3,FALSE),'Departamentos '!B3:D7,2, FALSE) -> Derecho | D9: 42569 | E9: 202 | F9: =IF(E9<150,"BAJA",IF(E9<200,"NORMAL","ALTA")) -> ALTA | G9: =IF(AND(E9<180,D9>DATE(2016,7,15)),"805","812") -> 812 | H9: =D9+ROUNDUP(E9/10,0) -> 42590 | I9: =E9*VLOOKUP(VLOOKUP(A5,Materias!B3:D15,3,FALSE),'Departamentos '!B3:D7,3,FALSE) -> 36360
A10: 1080 | B10: =VLOOKUP(A10,Materias!B3:D15,2,FALSE) -> Sistemas Operativos | C10: =VLOOKUP(VLOOKUP(A10,Materias!B3:D15,3,FALSE),'Departamentos '!B3:D7,2, FALSE) -> Ingenieria | D10: 42574 | E10: 141 | F10: =IF(E10<150,"BAJA",IF(E10<200,"NORMAL","ALTA")) -> BAJA | G10: =IF(AND(E10<180,D10>DATE(2016,7,15)),"805","812") -> 805 | H10: =D10+ROUNDUP(E10/10,0) -> 42589 | I10: =E10*VLOOKUP(VLOOKUP(A5,Materias!B3:D15,3,FALSE),'Departamentos '!B3:D7,3,FALSE) -> 25380
A11: 1300 | B11: =VLOOKUP(A11,Materias!B9:D21,2,FALSE) -> Ingles I | C11: =VLOOKUP(VLOOKUP(A11,Materias!B3:D15,3,FALSE),'Departamentos '!B3:D7,2, FALSE) -> Economicas | D11: 42578 | E11: 215 | F11: =IF(E11<150,"BAJA",IF(E11<200,"NORMAL","ALTA")) -> ALTA | G11: =IF(AND(E11<180,D11>DATE(2016,7,15)),"805","812") -> 812 | H11: =D11+ROUNDUP(E11/10,0) -> 42600 | I11: =E11*VLOOKUP(VLOOKUP(A5,Materias!B3:D15,3,FALSE),'Departamentos '!B3:D7,3,FALSE) -> 38700
A12: 1420 | B12: =VLOOKUP(A12,Materias!B3:D15,2,FALSE) -> Derecho Civil | C12: =VLOOKUP(VLOOKUP(A12,Materias!B3:D15,3,FALSE),'Departamentos '!B3:D7,2, FALSE) -> Derecho | D12: 42564 | E12: 136 | F12: =IF(E12<150,"BAJA",IF(E12<200,"NORMAL","ALTA")) -> BAJA | G12: =IF(AND(E12<180,D12>DATE(2016,7,15)),"805","812") -> 812 | H12: =D12+ROUNDUP(E12/10,0) -> 42578 | I12: =E12*VLOOKUP(VLOOKUP(A5,Materias!B3:D15,3,FALSE),'Departamentos '!B3:D7,3,FALSE) -> 24480
A13: 1280 | B13: =VLOOKUP(A13,Materias!B3:D15,2,FALSE) -> Derecho penal | C13: =VLOOKUP(VLOOKUP(A13,Materias!B3:D15,3,FALSE),'Departamentos '!B3:D7,2, FALSE) -> Derecho | D13: 42572 | E13: 168 | F13: =IF(E13<150,"BAJA",IF(E13<200,"NORMAL","ALTA")) -> NORMAL | G13: =IF(AND(E13<180,D13>DATE(2016,7,15)),"805","812") -> 805 | H13: =D13+ROUNDUP(E13/10,0) -> 42589 | I13: =E13*VLOOKUP(VLOOKUP(A5,Materias!B3:D15,3,FALSE),'Departamentos '!B3:D7,3,FALSE) -> 30240
A14: 1825 | B14: =VLOOKUP(A14,Materias!B12:D24,2,FALSE) -> Anatomia I | C14: =VLOOKUP(VLOOKUP(A14,Materias!B3:D15,3,FALSE),'Departamentos '!B3:D7,2, FALSE) -> Medicina | D14: 42573 | E14: 169 | F14: =IF(E14<150,"BAJA",IF(E14<200,"NORMAL","ALTA")) -> NORMAL | G14: =IF(AND(E14<180,D14>DATE(2016,7,15)),"805","812") -> 805 | H14: =D14+ROUNDUP(E14/10,0) -> 42590 | I14: =E13*VLOOKUP(VLOOKUP(A5,Materias!B3:D15,3,FALSE),'Departamentos '!B3:D7,3,FALSE) -> 30240
A15: 1850 | B15: =VLOOKUP(A15,Materias!B13:D25,2,FALSE) -> Biologia I | C15: =VLOOKUP(VLOOKUP(A15,Materias!B3:D15,3,FALSE),'Departamentos '!B3:D7,2, FALSE) -> Medicina | D15: 42574 | E15: 170 | F15: =IF(E15<150,"BAJA",IF(E15<200,"NORMAL","ALTA")) -> NORMAL | G15: =IF(AND(E15<180,D15>DATE(2016,7,15)),"805","812") -> 805 | H15: =D15+ROUNDUP(E15/10,0) -> 42591 | I15: =E13*VLOOKUP(VLOOKUP(A5,Materias!B3:D15,3,FALSE),'Departamentos '!B3:D7,3,FALSE) -> 30240
A16: 1860 | B16: =VLOOKUP(A16,Materias!B14:D26,2,FALSE) -> Enfermeria | C16: =VLOOKUP(VLOOKUP(A16,Materias!B3:D15,3,FALSE),'Departamentos '!B3:D7,2, FALSE) -> Medicina | D16: 42575 | E16: 171 | F16: =IF(E16<150,"BAJA",IF(E16<200,"NORMAL","ALTA")) -> NORMAL | G16: =IF(AND(E16<180,D16>DATE(2016,7,15)),"805","812") -> 805 | H16: =D16+ROUNDUP(E16/10,0) -> 42593 | I16: =E13*VLOOKUP(VLOOKUP(A5,Materias!B3:D15,3,FALSE),'Departamentos '!B3:D7,3,FALSE) -> 30240

Sheet Materias
B3: Codigo de Materia | C3: Materia | D3: Codigo de Departamento
B4: 1010 | C4: Derecho publico | D4: A
B5: 1280 | C5: Derecho penal | D5: A
B6: 1420 | C6: Derecho Civil | D6: A
B7: 1080 | C7: Sistemas Operativos | D7: B
B8: 1120 | C8: Analisis Matematico | D8: B
B9: 1150 | C9: Computacion I | D9: C
B10: 1200 | C10: Estadistica | D10: C
B11: 1250 | C11: Computacion II | D11: C
B12: 1300 | C12: Ingles I | D12: C
B13: 1825 | C13: Anatomia I | D13: D
B14: 1850 | C14: Biologia I | D14: D
B15: 1860 | C15: Enfermeria | D15: D

Sheet Departamentos 
B3: Codigo de Departamento | C3: Departamento | D3: Arancel
B4: A | C4: Derecho | D4: 220
B5: B | C5: Ingenieria | D5: 180
B6: C | C6: Economicas | D6: 250
B7: D | C7: Medicina | D7: 300
