Workbook

Sheet Inscripciones
A2: EXAMENES FINALES
A4: Codigo de Materia | B4: Materia | C4: Departamento | D4: Fecha de Examen | E4: Cantidad de inscriptos | F4: Condicion | G4: Aula asignada | H4: Publicacion de notas | I4: Importe d einscripciones
A5: 1120 | B5: =VLOOKUP(A5,Materias!$B$3:$D$15,2,0) -> Analisis Matematico | C5: =VLOOKUP((VLOOKUP(A5,Materias!$B$3:$D$15,3,0)),Departamentos!$B$4:$D$8,2,0) -> Ingenieria | D5: 42566 | E5: 232 | F5: =IF(E5<150,"BAJA",IF(E5<200,"NORMAL","ALTA")) -> ALTA | G5: =IF(AND(E5<180,D5>DATE(2016,7,15)),805,812) -> 812 | H5: =D5+ROUNDUP(E5/10,0) -> 42590 | I5: =VLOOKUP(C5,Departamentos!$C$4:$D$8,2,0)*E5 -> 41760
A6: 1300 | B6: =VLOOKUP(A6,Materias!$B$3:$D$15,2,0) -> Ingles I | C6: =VLOOKUP((VLOOKUP(A6,Materias!$B$3:$D$15,3,0)),Departamentos!$B$4:$D$8,2,0) -> Economicas | D6: 42578 | E6: 215 | F6: =IF(E6<150,"BAJA",IF(E6<200,"NORMAL","ALTA")) -> ALTA | G6: =IF(AND(E6<180,D6>DATE(2016,7,15)),805,812) -> 812 | H6: =D6+ROUNDUP(E6/10,0) -> 42600 | I6: =VLOOKUP(C6,Departamentos!$C$4:$D$8,2,0)*E6 -> 53750
A7: 1010 | B7: =VLOOKUP(A7,Materias!$B$3:$D$15,2,0) -> Derecho publico | C7: =VLOOKUP((VLOOKUP(A7,Materias!$B$3:$D$15,3,0)),Departamentos!$B$4:$D$8,2,0) -> Derecho | D7: 42569 | E7: 202 | F7: =IF(E7<150,"BAJA",IF(E7<200,"NORMAL","ALTA")) -> ALTA | G7: =IF(AND(E7<180,D7>DATE(2016,7,15)),805,812) -> 812 | H7: =D7+ROUNDUP(E7/10,0) -> 42590 | I7: =VLOOKUP(C7,Departamentos!$C$4:$D$8,2,0)*E7 -> 44440
A8: 1250 | B8: =VLOOKUP(A8,Materias!$B$3:$D$15,2,0) -> Computacion II | C8: =VLOOKUP((VLOOKUP(A8,Materias!$B$3:$D$15,3,0)),Departamentos!$B$4:$D$8,2,0) -> Economicas | D8: 42558 | E8: 196 | F8: =IF(E8<150,"BAJA",IF(E8<200,"NORMAL","ALTA")) -> NORMAL | G8: =IF(AND(E8<180,D8>DATE(2016,7,15)),805,812) -> 812 | H8: =D8+ROUNDUP(E8/10,0) -> 42578 | I8: =VLOOKUP(C8,Departamentos!$C$4:$D$8,2,0)*E8 -> 49000
A9: 1150 | B9: =VLOOKUP(A9,Materias!$B$3:$D$15,2,0) -> Computacion I | C9: =VLOOKUP((VLOOKUP(A9,Materias!$B$3:$D$15,3,0)),Departamentos!$B$4:$D$8,2,0) -> Economicas | D9: 42562 | E9: 175 | F9: =IF(E9<150,"BAJA",IF(E9<200,"NORMAL","ALTA")) -> NORMAL | G9: =IF(AND(E9<180,D9>DATE(2016,7,15)),805,812) -> 812 | H9: =D9+ROUNDUP(E9/10,0) -> 42580 | I9: =VLOOKUP(C9,Departamentos!$C$4:$D$8,2,0)*E9 -> 43750
A10: 1860 | B10: =VLOOKUP(A10,Materias!$B$3:$D$15,2,0) -> Enfermeria | C10: =VLOOKUP((VLOOKUP(A10,Materias!$B$3:$D$15,3,0)),Departamentos!$B$4:$D$8,2,0) -> Medicina | D10: 42575 | E10: 171 | F10: =IF(E10<150,"BAJA",IF(E10<200,"NORMAL","ALTA")) -> NORMAL | G10: =IF(AND(E10<180,D10>DATE(2016,7,15)),805,812) -> 805 | H10: =D10+ROUNDUP(E10/10,0) -> 42593 | I10: =VLOOKUP(C10,Departamentos!$C$4:$D$8,2,0)*E10 -> 51300
A11: 1850 | B11: =VLOOKUP(A11,Materias!$B$3:$D$15,2,0) -> Biologia I | C11: =VLOOKUP((VLOOKUP(A11,Materias!$B$3:$D$15,3,0)),Departamentos!$B$4:$D$8,2,0) -> Medicina | D11: 42574 | E11: 170 | F11: =IF(E11<150,"BAJA",IF(E11<200,"NORMAL","ALTA")) -> NORMAL | G11: =IF(AND(E11<180,D11>DATE(2016,7,15)),805,812) -> 805 | H11: =D11+ROUNDUP(E11/10,0) -> 42591 | I11: =VLOOKUP(C11,Departamentos!$C$4:$D$8,2,0)*E11 -> 51000
A12: 1825 | B12: =VLOOKUP(A12,Materias!$B$3:$D$15,2,0) -> Anatomia I | C12: =VLOOKUP((VLOOKUP(A12,Materias!$B$3:$D$15,3,0)),Departamentos!$B$4:$D$8,2,0) -> Medicina | D12: 42573 | E12: 169 | F12: =IF(E12<150,"BAJA",IF(E12<200,"NORMAL","ALTA")) -> NORMAL | G12: =IF(AND(E12<180,D12>DATE(2016,7,15)),805,812) -> 805 | H12: =D12+ROUNDUP(E12/10,0) -> 42590 | I12: =VLOOKUP(C12,Departamentos!$C$4:$D$8,2,0)*E12 -> 50700
A13: 1280 | B13: =VLOOKUP(A13,Materias!$B$3:$D$15,2,0) -> Derecho Penal | C13: =VLOOKUP((VLOOKUP(A13,Materias!$B$3:$D$15,3,0)),Departamentos!$B$4:$D$8,2,0) -> Derecho | D13: 42572 | E13: 168 | F13: =IF(E13<150,"BAJA",IF(E13<200,"NORMAL","ALTA")) -> NORMAL | G13: =IF(AND(E13<180,D13>DATE(2016,7,15)),805,812) -> 805 | H13: =D13+ROUNDUP(E13/10,0) -> 42589 | I13: =VLOOKUP(C13,Departamentos!$C$4:$D$8,2,0)*E13 -> 36960
A14: 1200 | B14: =VLOOKUP(A14,Materias!$B$3:$D$15,2,0) -> Estadistica | C14: =VLOOKUP((VLOOKUP(A14,Materias!$B$3:$D$15,3,0)),Departamentos!$B$4:$D$8,2,0) -> Economicas | D14: 42571 | E14: 158 | F14: =IF(E14<150,"BAJA",IF(E14<200,"NORMAL","ALTA")) -> NORMAL | G14: =IF(AND(E14<180,D14>DATE(2016,7,15)),805,812) -> 805 | H14: =D14+ROUNDUP(E14/10,0) -> 42587 | I14: =VLOOKUP(C14,Departamentos!$C$4:$D$8,2,0)*E14 -> 39500
A15: 1080 | B15: =VLOOKUP(A15,Materias!$B$3:$D$15,2,0) -> Sistemas Operativos | C15: =VLOOKUP((VLOOKUP(A15,Materias!$B$3:$D$15,3,0)),Departamentos!$B$4:$D$8,2,0) -> Ingenieria | D15: 42574 | E15: 141 | F15: =IF(E15<150,"BAJA",IF(E15<200,"NORMAL","ALTA")) -> BAJA | G15: =IF(AND(E15<180,D15>DATE(2016,7,15)),805,812) -> 805 | H15: =D15+ROUNDUP(E15/10,0) -> 42589 | I15: =VLOOKUP(C15,Departamentos!$C$4:$D$8,2,0)*E15 -> 25380
A16: 1420 | B16: =VLOOKUP(A16,Materias!$B$3:$D$15,2,0) -> Derecho Civil | C16: =VLOOKUP((VLOOKUP(A16,Materias!$B$3:$D$15,3,0)),Departamentos!$B$4:$D$8,2,0) -> Derecho | D16: 42564 | E16: 136 | F16: =IF(E16<150,"BAJA",IF(E16<200,"NORMAL","ALTA")) -> BAJA | G16: =IF(AND(E16<180,D16>DATE(2016,7,15)),805,812) -> 812 | H16: =D16+ROUNDUP(E16/10,0) -> 42578 | I16: =VLOOKUP(C16,Departamentos!$C$4:$D$8,2,0)*E16 -> 29920

Sheet Materias
B3: Codigo de materia | C3: Materia | D3: Codigo de Departamento
B4: 1010 | C4: Derecho publico | D4: A
B5: 1280 | C5: Derecho Penal | D5: A
B6: 1420 | C6: Derecho Civil | D6: A
B7: 1080 | C7: Sistemas Operativos | D7: B
B8: 1120 | C8: Analisis Matematico | D8: B
B9: 1150 | C9: Computacion I | D9: C
B10: 1200 | C10: Estadistica | D10: C
B11: 1250 | C11: Computacion II | D11: C
B12: 1300 | C12: Ingles I | D12: C
B13: 1825 | C13: Anatomia I | D13: D
B14: 1850 | C14: Biologia I | D14: D
B15: 1860 | C15: Enfermeria | D15: D

Sheet Departamentos
B4: Codigo de Departamento | C4: Departamento | D4: Arancel
B5: A | C5: Derecho | D5: 220
B6: B | C6: Ingenieria | D6: 180
B7: C | C7: Economicas | D7: 250
B8: D | C8: Medicina | D8: 300
