Workbook

Sheet inscripciones
A2: EXAMENES FINALES
A4: Codigo de materia | B4: materia | C4: departamento | D4: fecha de examen | E4: cantidad de inscriptos | F4: condicion | G4: aula asignada | H4: publicacion de las notas | I4: importe de inscripciones
A5: 1010 | B5: =_xlfn.XLOOKUP(A5, materias!$B$3:$B$15, materias!$C$3:$C$15, "No encontrado") -> Derecho publico | C5: =_xlfn.XLOOKUP(_xlfn.XLOOKUP(B5,materias!$C$4:$C$15,materias!$D$4:$D$15,"NO ENCONTRADO"),departamentos!$A$4:$A$7,departamentos!$B$4:$B$7,"NO ENCONTRADO") -> Derecho | D5: 42569 | E5: 202 | F5: =IF(E5<150,"BAJA",IF(E5<200,"NORMAL","ALTA")) -> ALTA | G5: =IF(AND(E5<180, D5>DATE(2016,7,15)), 805, 812) -> 812 | H5: =D5+ROUNDUP(E5/10,0) -> 42590 | I5: =_xlfn.XLOOKUP(C5,departamentos!$B$4:$B$7,departamentos!$C$4:$C$7,"NO ENCONTRADO")*E5 -> 44440
A6: 1280 | B6: =_xlfn.XLOOKUP(A6, materias!$B$3:$B$15, materias!$C$3:$C$15, "No encontrado") -> Derecho penal | C6: =_xlfn.XLOOKUP(_xlfn.XLOOKUP(B6,materias!$C$4:$C$15,materias!$D$4:$D$15,"NO ENCONTRADO"),departamentos!$A$4:$A$7,departamentos!$B$4:$B$7,"NO ENCONTRADO") -> Derecho | D6: 42572 | E6: 168 | F6: =IF(E6<150,"BAJA",IF(E6<200,"NORMAL","ALTA")) -> NORMAL | G6: =IF(AND(E6<180, D6>DATE(2016,7,15)), 805, 812) -> 805 | H6: =D6+ROUNDUP(E6/10,0) -> 42589 | I6: =_xlfn.XLOOKUP(C6,departamentos!$B$4:$B$7,departamentos!$C$4:$C$7,"NO ENCONTRADO")*E6 -> 36960
A7: 1420 | B7: =_xlfn.XLOOKUP(A7, materias!$B$3:$B$15, materias!$C$3:$C$15, "No encontrado") -> Derecho civil | C7: =_xlfn.XLOOKUP(_xlfn.XLOOKUP(B7,materias!$C$4:$C$15,materias!$D$4:$D$15,"NO ENCONTRADO"),departamentos!$A$4:$A$7,departamentos!$B$4:$B$7,"NO ENCONTRADO") -> Derecho | D7: 42564 | E7: 136 | F7: =IF(E7<150,"BAJA",IF(E7<200,"NORMAL","ALTA")) -> BAJA | G7: =IF(AND(E7<180, D7>DATE(2016,7,15)), 805, 812) -> 812 | H7: =D7+ROUNDUP(E7/10,0) -> 42578 | I7: =_xlfn.XLOOKUP(C7,departamentos!$B$4:$B$7,departamentos!$C$4:$C$7,"NO ENCONTRADO")*E7 -> 29920
A8: 1300 | B8: =_xlfn.XLOOKUP(A8, materias!$B$3:$B$15, materias!$C$3:$C$15, "No encontrado") -> Ingles I | C8: =_xlfn.XLOOKUP(_xlfn.XLOOKUP(B8,materias!$C$4:$C$15,materias!$D$4:$D$15,"NO ENCONTRADO"),departamentos!$A$4:$A$7,departamentos!$B$4:$B$7,"NO ENCONTRADO") -> Economicas | D8: 42578 | E8: 215 | F8: =IF(E8<150,"BAJA",IF(E8<200,"NORMAL","ALTA")) -> ALTA | G8: =IF(AND(E8<180, D8>DATE(2016,7,15)), 805, 812) -> 812 | H8: =D8+ROUNDUP(E8/10,0) -> 42600 | I8: =_xlfn.XLOOKUP(C8,departamentos!$B$4:$B$7,departamentos!$C$4:$C$7,"NO ENCONTRADO")*E8 -> 53750
A9: 1250 | B9: =_xlfn.XLOOKUP(A9, materias!$B$3:$B$15, materias!$C$3:$C$15, "No encontrado") -> Computacion II | C9: =_xlfn.XLOOKUP(_xlfn.XLOOKUP(B9,materias!$C$4:$C$15,materias!$D$4:$D$15,"NO ENCONTRADO"),departamentos!$A$4:$A$7,departamentos!$B$4:$B$7,"NO ENCONTRADO") -> Economicas | D9: 42558 | E9: 196 | F9: =IF(E9<150,"BAJA",IF(E9<200,"NORMAL","ALTA")) -> NORMAL | G9: =IF(AND(E9<180, D9>DATE(2016,7,15)), 805, 812) -> 812 | H9: =D9+ROUNDUP(E9/10,0) -> 42578 | I9: =_xlfn.XLOOKUP(C9,departamentos!$B$4:$B$7,departamentos!$C$4:$C$7,"NO ENCONTRADO")*E9 -> 49000
A10: 1150 | B10: =_xlfn.XLOOKUP(A10, materias!$B$3:$B$15, materias!$C$3:$C$15, "No encontrado") -> Computacion I | C10: =_xlfn.XLOOKUP(_xlfn.XLOOKUP(B10,materias!$C$4:$C$15,materias!$D$4:$D$15,"NO ENCONTRADO"),departamentos!$A$4:$A$7,departamentos!$B$4:$B$7,"NO ENCONTRADO") -> Economicas | D10: 42562 | E10: 175 | F10: =IF(E10<150,"BAJA",IF(E10<200,"NORMAL","ALTA")) -> NORMAL | G10: =IF(AND(E10<180, D10>DATE(2016,7,15)), 805, 812) -> 812 | H10: =D10+ROUNDUP(E10/10,0) -> 42580 | I10: =_xlfn.XLOOKUP(C10,departamentos!$B$4:$B$7,departamentos!$C$4:$C$7,"NO ENCONTRADO")*E10 -> 43750
A11: 1200 | B11: =_xlfn.XLOOKUP(A11, materias!$B$3:$B$15, materias!$C$3:$C$15, "No encontrado") -> Estadistica | C11: =_xlfn.XLOOKUP(_xlfn.XLOOKUP(B11,materias!$C$4:$C$15,materias!$D$4:$D$15,"NO ENCONTRADO"),departamentos!$A$4:$A$7,departamentos!$B$4:$B$7,"NO ENCONTRADO") -> Economicas | D11: 42571 | E11: 158 | F11: =IF(E11<150,"BAJA",IF(E11<200,"NORMAL","ALTA")) -> NORMAL | G11: =IF(AND(E11<180, D11>DATE(2016,7,15)), 805, 812) -> 805 | H11: =D11+ROUNDUP(E11/10,0) -> 42587 | I11: =_xlfn.XLOOKUP(C11,departamentos!$B$4:$B$7,departamentos!$C$4:$C$7,"NO ENCONTRADO")*E11 -> 39500
A12: 1120 | B12: =_xlfn.XLOOKUP(A12, materias!$B$3:$B$15, materias!$C$3:$C$15, "No encontrado") -> analisis matematico | C12: =_xlfn.XLOOKUP(_xlfn.XLOOKUP(B12,materias!$C$4:$C$15,materias!$D$4:$D$15,"NO ENCONTRADO"),departamentos!$A$4:$A$7,departamentos!$B$4:$B$7,"NO ENCONTRADO") -> Ingienieria | D12: 42566 | E12: 232 | F12: =IF(E12<150,"BAJA",IF(E12<200,"NORMAL","ALTA")) -> ALTA | G12: =IF(AND(E12<180, D12>DATE(2016,7,15)), 805, 812) -> 812 | H12: =D12+ROUNDUP(E12/10,0) -> 42590 | I12: =_xlfn.XLOOKUP(C12,departamentos!$B$4:$B$7,departamentos!$C$4:$C$7,"NO ENCONTRADO")*E12 -> 41760
A13: 1080 | B13: =_xlfn.XLOOKUP(A13, materias!$B$3:$B$15, materias!$C$3:$C$15, "No encontrado") -> sistemas operativos I | C13: =_xlfn.XLOOKUP(_xlfn.XLOOKUP(B13,materias!$C$4:$C$15,materias!$D$4:$D$15,"NO ENCONTRADO"),departamentos!$A$4:$A$7,departamentos!$B$4:$B$7,"NO ENCONTRADO") -> Ingienieria | D13: 42574 | E13: 141 | F13: =IF(E13<150,"BAJA",IF(E13<200,"NORMAL","ALTA")) -> BAJA | G13: =IF(AND(E13<180, D13>DATE(2016,7,15)), 805, 812) -> 805 | H13: =D13+ROUNDUP(E13/10,0) -> 42589 | I13: =_xlfn.XLOOKUP(C13,departamentos!$B$4:$B$7,departamentos!$C$4:$C$7,"NO ENCONTRADO")*E13 -> 25380
A14: 1860 | B14: =_xlfn.XLOOKUP(A14, materias!$B$3:$B$15, materias!$C$3:$C$15, "No encontrado") -> Enfermeria | C14: =_xlfn.XLOOKUP(_xlfn.XLOOKUP(B14,materias!$C$4:$C$15,materias!$D$4:$D$15,"NO ENCONTRADO"),departamentos!$A$4:$A$7,departamentos!$B$4:$B$7,"NO ENCONTRADO") -> Medicina | D14: 42575 | E14: 171 | F14: =IF(E14<150,"BAJA",IF(E14<200,"NORMAL","ALTA")) -> NORMAL | G14: =IF(AND(E14<180, D14>DATE(2016,7,15)), 805, 812) -> 805 | H14: =D14+ROUNDUP(E14/10,0) -> 42593 | I14: =_xlfn.XLOOKUP(C14,departamentos!$B$4:$B$7,departamentos!$C$4:$C$7,"NO ENCONTRADO")*E14 -> 51300
A15: 1850 | B15: =_xlfn.XLOOKUP(A15, materias!$B$3:$B$15, materias!$C$3:$C$15, "No encontrado") -> biologia I | C15: =_xlfn.XLOOKUP(_xlfn.XLOOKUP(B15,materias!$C$4:$C$15,materias!$D$4:$D$15,"NO ENCONTRADO"),departamentos!$A$4:$A$7,departamentos!$B$4:$B$7,"NO ENCONTRADO") -> Medicina | D15: 42574 | E15: 170 | F15: =IF(E15<150,"BAJA",IF(E15<200,"NORMAL","ALTA")) -> NORMAL | G15: =IF(AND(E15<180, D15>DATE(2016,7,15)), 805, 812) -> 805 | H15: =D15+ROUNDUP(E15/10,0) -> 42591 | I15: =_xlfn.XLOOKUP(C15,departamentos!$B$4:$B$7,departamentos!$C$4:$C$7,"NO ENCONTRADO")*E15 -> 51000
A16: 1825 | B16: =_xlfn.XLOOKUP(A16, materias!$B$3:$B$15, materias!$C$3:$C$15, "No encontrado") -> Anatomia I | C16: =_xlfn.XLOOKUP(_xlfn.XLOOKUP(B16,materias!$C$4:$C$15,materias!$D$4:$D$15,"NO ENCONTRADO"),departamentos!$A$4:$A$7,departamentos!$B$4:$B$7,"NO ENCONTRADO") -> Medicina | D16: 42573 | E16: 169 | F16: =IF(E16<150,"BAJA",IF(E16<200,"NORMAL","ALTA")) -> NORMAL | G16: =IF(AND(E16<180, D16>DATE(2016,7,15)), 805, 812) -> 805 | H16: =D16+ROUNDUP(E16/10,0) -> 42590 | I16: =_xlfn.XLOOKUP(C16,departamentos!$B$4:$B$7,departamentos!$C$4:$C$7,"NO ENCONTRADO")*E16 -> 50700

Sheet materias
B3: codigo de materia | C3: materia | D3: codigo de departamento
B4: 1010 | C4: Derecho publico | D4: A
B5: 1280 | C5: Derecho penal | D5: A
B6: 1420 | C6: Derecho civil | D6: A
B7: 1080 | C7: sistemas operativos I | D7: B
B8: 1120 | C8: analisis matematico | D8: B
B9: 1150 | C9: Computacion I | D9: C
B10: 1200 | C10: Estadistica | D10: C
B11: 1250 | C11: Computacion II | D11: C
B12: 1300 | C12: Ingles I | D12: C
B13: 1825 | C13: Anatomia I | D13: D
B14: 1850 | C14: biologia I | D14: D
B15: 1860 | C15: Enfermeria | D15: D

Sheet departamentos
A3: Codigo de departamento | B3: Departamento | C3: Arancel
A4: A | B4: Derecho | C4: 220
A5: B | B5: Ingienieria | C5: 180
A6: C | B6: Economicas | C6: 250
A7: D | B7: Medicina | C7: 300
