Workbook

Sheet INSCRIPCIONES
A2: EXAMENES FINALES
A4: Código de Materia | B4: Materia | C4: Departamento | D4: Fecha de Examen | E4: Cantidad de Inscriptos | F4: Condición | G4: Aula designada | H4: Publicación de las notas | I4: Importe de inscripciones
A5: 1420 | B5: =VLOOKUP(A5,MATERIAS!$B$3:$D$15,2,FALSE) -> Derecho Civil | C5: =VLOOKUP(VLOOKUP(A5,MATERIAS!$B$3:$D$15,3,FALSE),DEPARTAMENTOS!$B$3:$D$7,2,FALSE) -> Derecho | D5: 42564 | E5: 136 | F5: =IF(E5<150, "BAJA",IF(E5<200,"NORMAL","ALTA")) -> BAJA | G5: =IF(AND(E5<180,D5>DATE(2016,7,15)),805,812) -> 812 | H5: =D5+ROUNDUP(E5/10,0) -> 42578 | I5: =VLOOKUP(VLOOKUP(A5,MATERIAS!$B$3:$D$15,3,FALSE),DEPARTAMENTOS!$B$3:$D$7,3,FALSE)*E5 -> 29920
A6: 1280 | B6: =VLOOKUP(A6,MATERIAS!$B$3:$D$15,2,FALSE) -> Derecho Penal | C6: =VLOOKUP(VLOOKUP(A6,MATERIAS!$B$3:$D$15,3,FALSE),DEPARTAMENTOS!$B$3:$D$7,2,FALSE) -> Derecho | D6: 42572 | E6: 168 | F6: =IF(E6<150, "BAJA",IF(E6<200,"NORMAL","ALTA")) -> NORMAL | G6: =IF(AND(E6<180,D6>DATE(2016,7,15)),805,812) -> 805 | H6: =D6+ROUNDUP(E6/10,0) -> 42589 | I6: =VLOOKUP(VLOOKUP(A6,MATERIAS!$B$3:$D$15,3,FALSE),DEPARTAMENTOS!$B$3:$D$7,3,FALSE)*E6 -> 36960
A7: 1010 | B7: =VLOOKUP(A7,MATERIAS!$B$3:$D$15,2,FALSE) -> Derecho Público | C7: =VLOOKUP(VLOOKUP(A7,MATERIAS!$B$3:$D$15,3,FALSE),DEPARTAMENTOS!$B$3:$D$7,2,FALSE) -> Derecho | D7: 42569 | E7: 202 | F7: =IF(E7<150, "BAJA",IF(E7<200,"NORMAL","ALTA")) -> ALTA | G7: =IF(AND(E7<180,D7>DATE(2016,7,15)),805,812) -> 812 | H7: =D7+ROUNDUP(E7/10,0) -> 42590 | I7: =VLOOKUP(VLOOKUP(A7,MATERIAS!$B$3:$D$15,3,FALSE),DEPARTAMENTOS!$B$3:$D$7,3,FALSE)*E7 -> 44440
A8: 1200 | B8: =VLOOKUP(A8,MATERIAS!$B$3:$D$15,2,FALSE) -> Estadística | C8: =VLOOKUP(VLOOKUP(A8,MATERIAS!$B$3:$D$15,3,FALSE),DEPARTAMENTOS!$B$3:$D$7,2,FALSE) -> Económicas | D8: 42571 | E8: 158 | F8: =IF(E8<150, "BAJA",IF(E8<200,"NORMAL","ALTA")) -> NORMAL | G8: =IF(AND(E8<180,D8>DATE(2016,7,15)),805,812) -> 805 | H8: =D8+ROUNDUP(E8/10,0) -> 42587 | I8: =VLOOKUP(VLOOKUP(A8,MATERIAS!$B$3:$D$15,3,FALSE),DEPARTAMENTOS!$B$3:$D$7,3,FALSE)*E8 -> 39500
A9: 1150 | B9: =VLOOKUP(A9,MATERIAS!$B$3:$D$15,2,FALSE) -> Computación I | C9: =VLOOKUP(VLOOKUP(A9,MATERIAS!$B$3:$D$15,3,FALSE),DEPARTAMENTOS!$B$3:$D$7,2,FALSE) -> Económicas | D9: 42562 | E9: 175 | F9: =IF(E9<150, "BAJA",IF(E9<200,"NORMAL","ALTA")) -> NORMAL | G9: =IF(AND(E9<180,D9>DATE(2016,7,15)),805,812) -> 812 | H9: =D9+ROUNDUP(E9/10,0) -> 42580 | I9: =VLOOKUP(VLOOKUP(A9,MATERIAS!$B$3:$D$15,3,FALSE),DEPARTAMENTOS!$B$3:$D$7,3,FALSE)*E9 -> 43750
A10: 1250 | B10: =VLOOKUP(A10,MATERIAS!$B$3:$D$15,2,FALSE) -> Computación II | C10: =VLOOKUP(VLOOKUP(A10,MATERIAS!$B$3:$D$15,3,FALSE),DEPARTAMENTOS!$B$3:$D$7,2,FALSE) -> Económicas | D10: 42558 | E10: 196 | F10: =IF(E10<150, "BAJA",IF(E10<200,"NORMAL","ALTA")) -> NORMAL | G10: =IF(AND(E10<180,D10>DATE(2016,7,15)),805,812) -> 812 | H10: =D10+ROUNDUP(E10/10,0) -> 42578 | I10: =VLOOKUP(VLOOKUP(A10,MATERIAS!$B$3:$D$15,3,FALSE),DEPARTAMENTOS!$B$3:$D$7,3,FALSE)*E10 -> 49000
A11: 1300 | B11: =VLOOKUP(A11,MATERIAS!$B$3:$D$15,2,FALSE) -> Inglés I | C11: =VLOOKUP(VLOOKUP(A11,MATERIAS!$B$3:$D$15,3,FALSE),DEPARTAMENTOS!$B$3:$D$7,2,FALSE) -> Económicas | D11: 42578 | E11: 215 | F11: =IF(E11<150, "BAJA",IF(E11<200,"NORMAL","ALTA")) -> ALTA | G11: =IF(AND(E11<180,D11>DATE(2016,7,15)),805,812) -> 812 | H11: =D11+ROUNDUP(E11/10,0) -> 42600 | I11: =VLOOKUP(VLOOKUP(A11,MATERIAS!$B$3:$D$15,3,FALSE),DEPARTAMENTOS!$B$3:$D$7,3,FALSE)*E11 -> 53750
A12: 1080 | B12: =VLOOKUP(A12,MATERIAS!$B$3:$D$15,2,FALSE) -> Sistemas Operativos I | C12: =VLOOKUP(VLOOKUP(A12,MATERIAS!$B$3:$D$15,3,FALSE),DEPARTAMENTOS!$B$3:$D$7,2,FALSE) -> Ingieniería | D12: 42574 | E12: 141 | F12: =IF(E12<150, "BAJA",IF(E12<200,"NORMAL","ALTA")) -> BAJA | G12: =IF(AND(E12<180,D12>DATE(2016,7,15)),805,812) -> 805 | H12: =D12+ROUNDUP(E12/10,0) -> 42589 | I12: =VLOOKUP(VLOOKUP(A12,MATERIAS!$B$3:$D$15,3,FALSE),DEPARTAMENTOS!$B$3:$D$7,3,FALSE)*E12 -> 25380
A13: 1120 | B13: =VLOOKUP(A13,MATERIAS!$B$3:$D$15,2,FALSE) -> Análisis Matemático | C13: =VLOOKUP(VLOOKUP(A13,MATERIAS!$B$3:$D$15,3,FALSE),DEPARTAMENTOS!$B$3:$D$7,2,FALSE) -> Ingieniería | D13: 42566 | E13: 232 | F13: =IF(E13<150, "BAJA",IF(E13<200,"NORMAL","ALTA")) -> ALTA | G13: =IF(AND(E13<180,D13>DATE(2016,7,15)),805,812) -> 812 | H13: =D13+ROUNDUP(E13/10,0) -> 42590 | I13: =VLOOKUP(VLOOKUP(A13,MATERIAS!$B$3:$D$15,3,FALSE),DEPARTAMENTOS!$B$3:$D$7,3,FALSE)*E13 -> 41760
A14: 1825 | B14: =VLOOKUP(A14,MATERIAS!$B$3:$D$15,2,FALSE) -> Anatomía I | C14: =VLOOKUP(VLOOKUP(A14,MATERIAS!$B$3:$D$15,3,FALSE),DEPARTAMENTOS!$B$3:$D$7,2,FALSE) -> Medicina | D14: 42573 | E14: 169 | F14: =IF(E14<150, "BAJA",IF(E14<200,"NORMAL","ALTA")) -> NORMAL | G14: =IF(AND(E14<180,D14>DATE(2016,7,15)),805,812) -> 805 | H14: =D14+ROUNDUP(E14/10,0) -> 42590 | I14: =VLOOKUP(VLOOKUP(A14,MATERIAS!$B$3:$D$15,3,FALSE),DEPARTAMENTOS!$B$3:$D$7,3,FALSE)*E14 -> 50700
A15: 1850 | B15: =VLOOKUP(A15,MATERIAS!$B$3:$D$15,2,FALSE) -> Biología I | C15: =VLOOKUP(VLOOKUP(A15,MATERIAS!$B$3:$D$15,3,FALSE),DEPARTAMENTOS!$B$3:$D$7,2,FALSE) -> Medicina | D15: 42574 | E15: 170 | F15: =IF(E15<150, "BAJA",IF(E15<200,"NORMAL","ALTA")) -> NORMAL | G15: =IF(AND(E15<180,D15>DATE(2016,7,15)),805,812) -> 805 | H15: =D15+ROUNDUP(E15/10,0) -> 42591 | I15: =VLOOKUP(VLOOKUP(A15,MATERIAS!$B$3:$D$15,3,FALSE),DEPARTAMENTOS!$B$3:$D$7,3,FALSE)*E15 -> 51000
A16: 1860 | B16: =VLOOKUP(A16,MATERIAS!$B$3:$D$15,2,FALSE) -> Enfermería | C16: =VLOOKUP(VLOOKUP(A16,MATERIAS!$B$3:$D$15,3,FALSE),DEPARTAMENTOS!$B$3:$D$7,2,FALSE) -> Medicina | D16: 42575 | E16: 171 | F16: =IF(E16<150, "BAJA",IF(E16<200,"NORMAL","ALTA")) -> NORMAL | G16: =IF(AND(E16<180,D16>DATE(2016,7,15)),805,812) -> 805 | H16: =D16+ROUNDUP(E16/10,0) -> 42593 | I16: =VLOOKUP(VLOOKUP(A16,MATERIAS!$B$3:$D$15,3,FALSE),DEPARTAMENTOS!$B$3:$D$7,3,FALSE)*E16 -> 51300

Sheet MATERIAS
B3: Código de materia | C3: Materia | D3: Código de Departamento
B4: 1010 | C4: Derecho Público | D4: A
B5: 1280 | C5: Derecho Penal | D5: A
B6: 1420 | C6: Derecho Civil | D6: A
B7: 1080 | C7: Sistemas Operativos I | D7: B
B8: 1120 | C8: Análisis Matemático | D8: B
B9: 1150 | C9: Computación I | D9: C
B10: 1200 | C10: Estadística | D10: C
B11: 1250 | C11: Computación II | D11: C
B12: 1300 | C12: Inglés I | D12: C
B13: 1825 | C13: Anatomía I | D13: D
B14: 1850 | C14: Biología I | D14: D
B15: 1860 | C15: Enfermería | D15: D

Sheet DEPARTAMENTOS
B3: Código de Departamento | C3: Departamento | D3: Arancel
B4: A | C4: Derecho | D4: 220
B5: B | C5: Ingieniería | D5: 180
B6: C | C6: Económicas | D6: 250
B7: D | C7: Medicina | D7: 300
